name,party,n_spouses,n_children,religion,birth_year,remarriage,generation
A._P._Lutali,Democratic Party (United States),1,0,NA,1919,0,greatest_generation
Amy_Klobuchar,Democratic Party (United States),1,0,Progressive Christian,1960,0,baby_boomers
Andrea_Seastrand,Republican Party (United States),1,0,NA,1941,0,silent_generation
Andrew_Cuomo,Democratic Party (United States),1,0,Undefined Christian,1957,0,baby_boomers
Andrew_Sherwood_(politician),Democratic Party (United States),1,0,NA,1980,0,generation_x
Andy_Mayberry,Republican Party (United States),1,0,Conservative Christian,1970,0,generation_x
Anita_Dunn,Democratic Party (United States),1,0,NA,1958,0,baby_boomers
Anita_Thigpen_Perry,Republican Party (United States),1,0,NA,1952,0,baby_boomers
Ann_Bartlett,Republican Party (United States),1,1,Undefined Christian,1920,0,greatest_generation
Ann_Lewis,Democratic Party (United States),1,0,Non Christian,1937,0,silent_generation
Ann_McLaughlin_Korologos,Republican Party (United States),2,0,NA,1941,1,silent_generation
Ann_Romney,Republican Party (United States),1,1,Conservative Christian,1949,0,baby_boomers
Ann_Sothern,Republican Party (United States),1,1,NA,1909,0,greatest_generation
Anna_Chennault,Republican Party (United States),1,0,Undefined Christian,1925,0,greatest_generation
Anna_Peterson,Republican Party (United States),1,0,NA,1947,0,baby_boomers
Anne_Baxter,Republican Party (United States),1,0,NA,1923,0,greatest_generation
Anne_Gust,Democratic Party (United States),1,0,NA,1958,0,baby_boomers
Anne_Wexler,Democratic Party (United States),1,0,Non Christian,1930,0,silent_generation
Anthony_Petruccelli,Democratic Party (United States),1,0,Undefined Christian,1972,0,generation_x
Anthony_Weiner,Democratic Party (United States),1,0,Non Christian,1964,0,baby_boomers
Albert_Brewer,Democratic Party (United States),1,0,Undefined Christian,1928,0,silent_generation
Alec_Baldwin,Democratic Party (United States),1,1,NA,1958,0,baby_boomers
Alex_Sink,Democratic Party (United States),1,0,Undefined Christian,1948,0,baby_boomers
Alexander_Farrelly,Democratic Party (United States),1,0,NA,1923,0,greatest_generation
Alexi_Giannoulias,Democratic Party (United States),1,0,Conservative Christian,1976,0,generation_x
Alexis_I._du_Pont_Bayard,Democratic Party (United States),1,0,NA,1918,0,greatest_generation
Allan_H._Kittleman,Republican Party (United States),1,0,Undefined Christian,1958,0,baby_boomers
Alvin_Wiederspahn,Democratic Party (United States),1,0,Undefined Christian,1949,0,baby_boomers
Aníbal_Acevedo_Vilá,Democratic Party (United States),1,0,NA,1962,0,baby_boomers
Aris_T._Allen,Republican Party (United States),1,0,Conservative Christian,1910,0,greatest_generation
Arlen_Specter,Democratic Party (United States),1,1,Non Christian,1930,0,silent_generation
Arnold_Schwarzenegger,Republican Party (United States),1,2,Undefined Christian,1947,0,baby_boomers
Arthur_A._Link,Democratic Party (United States),1,0,Undefined Christian,1914,0,greatest_generation
Arthur_Morrell_(Louisiana_politician),Democratic Party (United States),1,1,NA,1943,0,silent_generation
Ash_Carter,Democratic Party (United States),1,0,NA,1954,0,baby_boomers
Abraham_A._Ribicoff,Democratic Party (United States),1,0,Non Christian,1910,0,greatest_generation
Al_Alquist,Democratic Party (United States),1,0,NA,1908,0,greatest_generation
Al_Gore,Democratic Party (United States),1,0,Undefined Christian,1948,0,baby_boomers
Al_Quie,Republican Party (United States),1,0,NA,1923,0,greatest_generation
Alan_Greenspan,Republican Party (United States),1,0,NA,1926,0,greatest_generation
Alan_Khazei,Democratic Party (United States),1,0,Undefined Christian,1961,0,baby_boomers
Alan_Lowenthal,Democratic Party (United States),1,0,Non Christian,1941,0,silent_generation
Barack_Obama,Democratic Party (United States),1,0,Undefined Christian,1961,0,baby_boomers
Barbara_Bush,Republican Party (United States),1,5,NA,1925,0,greatest_generation
Barbara_Franklin,Republican Party (United States),1,0,NA,1940,0,silent_generation
Barbara_Mallory_Caraway,Democratic Party (United States),1,0,NA,1956,0,baby_boomers
Barbara_Olson,Republican Party (United States),1,0,NA,1955,0,baby_boomers
Barbara_Roberts,Democratic Party (United States),1,0,NA,1936,0,silent_generation
Barbara_Snelling,Republican Party (United States),1,1,NA,1928,0,silent_generation
Barbara_Stafford,Republican Party (United States),1,0,NA,1953,0,baby_boomers
Bea_Arthur,Democratic Party (United States),2,0,NA,1922,1,greatest_generation
Ben_Carson,Republican Party (United States),1,0,Conservative Christian,1951,0,baby_boomers
Ben_Musa,Democratic Party (United States),1,0,NA,1905,0,greatest_generation
Benigno_Fitial,Republican Party (United States),1,0,Undefined Christian,1945,0,silent_generation
Benjamin_H._Wilson,Republican Party (United States),1,0,NA,1925,0,greatest_generation
Bernard_Weinraub,Democratic Party (United States),1,0,Non Christian,1937,0,silent_generation
Bernice_Layne_Brown,Democratic Party (United States),1,2,NA,1908,0,greatest_generation
Bert_T._Combs,Democratic Party (United States),1,0,Undefined Christian,1911,0,greatest_generation
Beth_Fukumoto,Republican Party (United States),1,0,NA,1983,0,generation_y
Bethine_Clark_Church,Democratic Party (United States),1,1,NA,1923,0,greatest_generation
Betsy_DeVos,Republican Party (United States),1,0,NA,1958,0,baby_boomers
Betsy_Gotbaum,Democratic Party (United States),1,0,NA,1938,0,silent_generation
BettyLou_DeCroce,Republican Party (United States),1,0,NA,1952,0,baby_boomers
Betty_Babcock,Republican Party (United States),1,0,NA,1922,0,greatest_generation
Betty_Cooper_Hearnes,Democratic Party (United States),1,0,NA,1927,0,greatest_generation
Betty_Ford,Republican Party (United States),1,4,NA,1918,0,greatest_generation
Betty_Furness,Democratic Party (United States),1,0,NA,1916,0,greatest_generation
Betty_Overbey,Democratic Party (United States),1,0,NA,1946,0,baby_boomers
Betty_Roberts,Democratic Party (United States),2,0,NA,1923,1,greatest_generation
Beverly_Byron,Democratic Party (United States),1,0,NA,1932,0,silent_generation
Beverly_LaHaye,Republican Party (United States),1,1,Undefined Christian,1929,0,silent_generation
Bill_Baxley,Democratic Party (United States),1,0,Progressive Christian,1941,0,silent_generation
Bill_Clinton,Democratic Party (United States),1,1,Undefined Christian,1946,0,baby_boomers
Bill_DeWeese,Democratic Party (United States),1,0,Undefined Christian,1950,0,baby_boomers
Bill_Emerson,Republican Party (United States),1,0,Undefined Christian,1938,0,silent_generation
Bill_McBride_(politician),Democratic Party (United States),1,0,NA,1945,0,silent_generation
Bill_Orr_(Nebraska_first_gentleman),Republican Party (United States),1,0,NA,1935,0,silent_generation
Bill_Paxon,Republican Party (United States),1,0,NA,1954,0,baby_boomers
Bill_Richardson,Democratic Party (United States),1,0,Undefined Christian,1947,0,baby_boomers
Bill_Ritter,Democratic Party (United States),1,0,Undefined Christian,1956,0,baby_boomers
Bill_Waller,Democratic Party (United States),1,1,Undefined Christian,1926,0,greatest_generation
Bill_White_(Texas_politician),Democratic Party (United States),1,0,NA,1954,0,baby_boomers
Bill_de_Blasio,Democratic Party (United States),1,0,NA,1961,0,baby_boomers
Billy_Graham,Republican Party (United States),1,2,Conservative Christian,1918,0,greatest_generation
Birch_Bayh,Democratic Party (United States),1,1,NA,1928,0,silent_generation
Blanca_Vela,Democratic Party (United States),1,0,NA,1936,0,silent_generation
Blanche_Long,Democratic Party (United States),1,0,Progressive Christian,1902,0,greatest_generation
Bob_C._Riley,Democratic Party (United States),1,0,NA,1924,0,greatest_generation
Bob_Dole,Republican Party (United States),1,0,NA,1923,0,greatest_generation
Bob_Ehrlich,Republican Party (United States),1,0,NA,1957,0,baby_boomers
Bob_Graham,Democratic Party (United States),1,1,Progressive Christian,1936,0,silent_generation
Bob_Wise,Democratic Party (United States),1,0,NA,1948,0,baby_boomers
Brad_Henry,Democratic Party (United States),1,0,Undefined Christian,1963,0,baby_boomers
Brenda_Clack,Democratic Party (United States),1,0,NA,1945,0,silent_generation
Brendan_Byrne,Democratic Party (United States),1,0,NA,1924,0,greatest_generation
Brooksley_Born,Democratic Party (United States),1,0,NA,1940,0,silent_generation
Bruce_Babbitt,Democratic Party (United States),1,0,Undefined Christian,1938,0,silent_generation
Bruce_King,Democratic Party (United States),1,0,NA,1924,0,greatest_generation
Butch_Otter,Republican Party (United States),1,0,Undefined Christian,1942,0,silent_generation
Charlie_Crist,Republican Party (United States),1,0,Progressive Christian,1956,0,baby_boomers
Charlotte_Burks,Democratic Party (United States),1,0,Conservative Christian,1942,0,silent_generation
Charlton_Heston,Republican Party (United States),1,1,NA,1923,0,greatest_generation
Chellie_Pingree,Democratic Party (United States),1,1,Progressive Christian,1955,0,baby_boomers
Chelsea_Clinton,Democratic Party (United States),1,0,NA,1980,0,generation_x
Chris_Christie,Republican Party (United States),1,0,Undefined Christian,1962,0,baby_boomers
Chris_Matthews,Democratic Party (United States),1,0,Undefined Christian,1945,0,silent_generation
Chris_Walters,Republican Party (United States),1,1,Undefined Christian,1986,0,generation_y
Christie_Vilsack,Democratic Party (United States),1,0,NA,1950,0,baby_boomers
Christina_Romer,Democratic Party (United States),1,0,NA,1958,0,baby_boomers
Christopher_Cox,Republican Party (United States),1,0,NA,1952,0,baby_boomers
Chuck_Connors,Republican Party (United States),1,0,NA,1921,0,greatest_generation
Chuck_Robb,Democratic Party (United States),1,0,NA,1939,0,silent_generation
Chuck_Schumer,Democratic Party (United States),1,0,NA,1950,0,baby_boomers
Clare_Boothe_Luce,Republican Party (United States),2,0,Undefined Christian,1903,1,greatest_generation
Clarence_Thomas,Republican Party (United States),1,0,Undefined Christian,1948,0,baby_boomers
Clarence_W._Meadows,Democratic Party (United States),1,0,Undefined Christian,1904,0,greatest_generation
Claude_Kirkpatrick,Democratic Party (United States),1,0,NA,1917,0,greatest_generation
Clay_Pell,Democratic Party (United States),1,0,Undefined Christian,1981,0,generation_y
Cleopatra_Tucker,Democratic Party (United States),1,0,NA,1943,0,silent_generation
Clint_Eastwood,Republican Party (United States),1,5,NA,1930,0,silent_generation
Clyde_Kimball,Democratic Party (United States),1,0,Undefined Christian,1942,0,silent_generation
Colin_Powell,Republican Party (United States),1,0,NA,1937,0,silent_generation
Colleen_Bell,Democratic Party (United States),1,0,NA,1967,0,generation_x
Connie_Mack_IV,Republican Party (United States),1,0,NA,1967,0,generation_x
Cornelia_Wallace,Democratic Party (United States),1,0,Progressive Christian,1939,0,silent_generation
Curtis_B._Richardson,Democratic Party (United States),1,0,NA,1956,0,baby_boomers
Cynthia_Hedge-Morrell,Democratic Party (United States),1,1,NA,1947,0,baby_boomers
Cynthia_Lummis,Republican Party (United States),1,0,Conservative Christian,1954,0,baby_boomers
C._Z._Guest,Republican Party (United States),1,1,NA,1920,0,greatest_generation
Caitlyn_Jenner,Republican Party (United States),4,5,NA,1949,3,baby_boomers
Callista_Gingrich,Republican Party (United States),1,0,NA,1966,0,generation_x
Calvin_L._Rampton,Democratic Party (United States),1,0,Conservative Christian,1913,0,greatest_generation
Cardiss_Collins,Democratic Party (United States),1,0,NA,1931,0,silent_generation
Carl_McCall,Democratic Party (United States),1,0,Progressive Christian,1935,0,silent_generation
Carla_Anderson_Hills,Republican Party (United States),1,0,NA,1934,0,silent_generation
Carol_Aichele,Republican Party (United States),1,0,NA,1950,0,baby_boomers
Carol_Browner,Democratic Party (United States),1,0,NA,1955,0,baby_boomers
Carol_McCain,Republican Party (United States),1,0,NA,1938,0,silent_generation
Carol_Williams_(politician),Democratic Party (United States),1,0,NA,1949,0,baby_boomers
Caroline_Kennedy,Democratic Party (United States),1,1,Undefined Christian,1957,0,baby_boomers
Carolyn_Goodman_(politician),Democratic Party (United States),1,0,Non Christian,1939,0,silent_generation
Carolyn_Maloney,Democratic Party (United States),1,0,Undefined Christian,1946,0,baby_boomers
Caspar_Weinberger,Republican Party (United States),1,0,NA,1917,0,greatest_generation
Cass_Sunstein,Democratic Party (United States),1,0,Non Christian,1954,0,baby_boomers
Catherine_Cloutier,Republican Party (United States),1,0,NA,1950,0,baby_boomers
Catherine_D._Kimball,Democratic Party (United States),1,0,Undefined Christian,1945,0,silent_generation
Cecil_H._Underwood,Republican Party (United States),1,0,NA,1922,0,greatest_generation
Chaka_Fattah,Democratic Party (United States),1,1,Undefined Christian,1956,0,baby_boomers
Charles_Barron,Democratic Party (United States),1,0,NA,1950,0,baby_boomers
Charles_Diggs,Democratic Party (United States),1,0,NA,1922,0,greatest_generation
Charles_Hoffman_(politician),Republican Party (United States),1,1,Progressive Christian,1960,0,baby_boomers
Dave_Freudenthal,Democratic Party (United States),1,0,NA,1950,0,baby_boomers
David_Dank,Republican Party (United States),1,0,Undefined Christian,1938,0,silent_generation
David_Frum,Republican Party (United States),1,0,Non Christian,1960,0,baby_boomers
David_Hall_(Oklahoma_governor),Democratic Party (United States),1,0,Undefined Christian,1930,0,silent_generation
David_O._Selznick,Republican Party (United States),2,0,NA,1902,1,greatest_generation
David_Paterson,Democratic Party (United States),1,0,NA,1954,0,baby_boomers
David_S._Chang,Republican Party (United States),1,0,Conservative Christian,1980,0,generation_x
David_T._Kennedy,Democratic Party (United States),1,0,NA,1934,0,silent_generation
David_Yassky,Democratic Party (United States),1,0,Non Christian,1964,0,baby_boomers
Dawn_Clark_Netsch,Democratic Party (United States),1,0,NA,1926,0,greatest_generation
Dawn_Gibbons,Republican Party (United States),2,0,NA,1954,1,baby_boomers
Dean_Knudson,Republican Party (United States),1,0,Undefined Christian,1961,0,baby_boomers
Debbie_Dingell,Democratic Party (United States),1,0,Undefined Christian,1953,0,baby_boomers
Debbie_Rodella,Democratic Party (United States),1,0,NA,1961,0,baby_boomers
Debbie_Stabenow,Democratic Party (United States),1,0,NA,1950,0,baby_boomers
Dee_Dee_Myers,Democratic Party (United States),1,0,NA,1961,0,baby_boomers
Dennis_Kucinich,Democratic Party (United States),1,0,Undefined Christian,1946,0,baby_boomers
Dennis_Moore,Democratic Party (United States),1,0,Undefined Christian,1945,0,silent_generation
Dewey_F._Bartlett,Republican Party (United States),1,0,Undefined Christian,1919,0,greatest_generation
Dian_Slavens,Democratic Party (United States),1,0,Undefined Christian,1958,0,baby_boomers
Diana_Gribbon_Motz,Democratic Party (United States),1,0,NA,1943,0,silent_generation
Diane_Patrick_(Texas_politician),Republican Party (United States),1,0,NA,1946,0,baby_boomers
Diane_Sands,Democratic Party (United States),1,0,NA,1947,0,baby_boomers
Dianne_Feinstein,Democratic Party (United States),1,0,Non Christian,1933,0,silent_generation
Dick_Celeste,Democratic Party (United States),1,0,NA,1937,0,silent_generation
Dick_Cheney,Republican Party (United States),1,2,Progressive Christian,1941,0,silent_generation
Dick_DeVos,Republican Party (United States),1,0,NA,1955,0,baby_boomers
Dirk_Kempthorne,Republican Party (United States),1,0,NA,1951,0,baby_boomers
Dixie_Carter,Republican Party (United States),3,0,NA,1939,2,silent_generation
Don_Beyer,Democratic Party (United States),1,0,NA,1950,0,baby_boomers
Donald_DiFrancesco,Republican Party (United States),1,0,NA,1944,0,silent_generation
Donald_Fisher,Republican Party (United States),1,3,NA,1928,0,silent_generation
Donald_Trump,Republican Party (United States),3,4,NA,1946,2,baby_boomers
Donna_Frye,Democratic Party (United States),1,0,NA,1952,0,baby_boomers
Doris_Matsui,Democratic Party (United States),1,0,NA,1944,0,silent_generation
Doug_Geiss,Democratic Party (United States),1,0,NA,1969,0,generation_x
Doyle_Corman,Republican Party (United States),1,1,NA,1932,0,silent_generation
Drayton_Boucher,Democratic Party (United States),1,0,Undefined Christian,1908,0,greatest_generation
Duke_Bainum,Democratic Party (United States),1,0,NA,1952,0,baby_boomers
Dale_Bumpers,Democratic Party (United States),1,0,NA,1925,0,greatest_generation
Dan_Gattis,Republican Party (United States),1,0,Undefined Christian,1967,0,generation_x
Dan_Quayle,Republican Party (United States),1,1,Undefined Christian,1947,0,baby_boomers
Dan_Slater,Democratic Party (United States),1,4,NA,1972,0,generation_x
Daniel_C._Esty,Democratic Party (United States),1,0,NA,1959,0,baby_boomers
Daniel_Inouye,Democratic Party (United States),1,0,Progressive Christian,1924,0,greatest_generation
Ed_Karst,Democratic Party (United States),1,0,NA,1931,0,silent_generation
Ed_Rendell,Democratic Party (United States),1,0,Non Christian,1944,0,silent_generation
Edith_Killgore_Kirkpatrick,Democratic Party (United States),1,0,NA,1918,0,greatest_generation
Edward_F._Cox,Republican Party (United States),1,1,NA,1946,0,baby_boomers
Edward_Mezvinsky,Democratic Party (United States),1,0,Non Christian,1937,0,silent_generation
Edward_T._Conroy,Democratic Party (United States),1,0,NA,1929,0,silent_generation
Edwin_Edwards,Democratic Party (United States),1,0,Undefined Christian,1927,0,greatest_generation
Edwin_Keith_Thomson,Republican Party (United States),1,0,NA,1919,0,greatest_generation
Edwin_Schlossberg,Democratic Party (United States),1,1,Non Christian,1945,0,silent_generation
Eileen_Anderson,Democratic Party (United States),1,0,Undefined Christian,1928,0,silent_generation
Eileen_Kowall,Republican Party (United States),1,0,NA,1952,0,baby_boomers
Elaine_Alquist,Democratic Party (United States),2,0,NA,1944,1,silent_generation
Elaine_Chao,Republican Party (United States),1,0,NA,1953,0,baby_boomers
Elaine_S._Edwards,Democratic Party (United States),1,0,Undefined Christian,1929,0,silent_generation
Eleanor_Mondale,Democratic Party (United States),3,0,Undefined Christian,1960,2,baby_boomers
Elijah_Cummings,Democratic Party (United States),1,0,Undefined Christian,1951,0,baby_boomers
Eliot_Spitzer,Democratic Party (United States),1,0,NA,1959,0,baby_boomers
Elisabeth_Hasselbeck,Republican Party (United States),1,0,Undefined Christian,1977,0,generation_x
Elizabeth_B._Andrews,Democratic Party (United States),1,0,Undefined Christian,1911,0,greatest_generation
Elizabeth_Dole,Republican Party (United States),1,0,Undefined Christian,1936,0,silent_generation
Elizabeth_Edwards,Democratic Party (United States),1,1,Progressive Christian,1949,0,baby_boomers
Elizabeth_Esty,Democratic Party (United States),1,0,Conservative Christian,1959,0,baby_boomers
Elizabeth_Poirier,Republican Party (United States),1,0,NA,1942,0,silent_generation
Elizabeth_Warren,Republican Party (United States),1,0,Progressive Christian,1949,0,baby_boomers
Ellen_Bryan_Moore,Democratic Party (United States),1,0,NA,1912,0,greatest_generation
Elsie_Hillman,Republican Party (United States),1,0,NA,1925,0,greatest_generation
Emmet_Hayes,Democratic Party (United States),1,0,NA,1951,0,baby_boomers
Ed_Case,Democratic Party (United States),1,0,NA,1952,0,baby_boomers
Eric_Munoz,Republican Party (United States),1,0,NA,1947,0,baby_boomers
Eric_Schmidt,Democratic Party (United States),1,0,NA,1955,0,baby_boomers
Erik_Wells,Democratic Party (United States),1,0,Undefined Christian,1967,0,generation_x
Ethel_Kennedy,Democratic Party (United States),1,11,Undefined Christian,1928,0,silent_generation
Ethel_Merman,Republican Party (United States),2,0,NA,1908,1,greatest_generation
Eunice_Kennedy_Shriver,Democratic Party (United States),1,5,Undefined Christian,1921,0,greatest_generation
Evan_Bayh,Democratic Party (United States),1,0,NA,1955,0,baby_boomers
Everett_Doerge,Democratic Party (United States),1,0,Progressive Christian,1935,0,silent_generation
Francine_du_Plessix_Gray,Democratic Party (United States),1,0,Undefined Christian,1930,0,silent_generation
Francis_Ford_Coppola,Democratic Party (United States),1,3,NA,1939,0,silent_generation
Frank_Church,Democratic Party (United States),1,1,Undefined Christian,1924,0,greatest_generation
Frank_Farrar,Republican Party (United States),1,0,NA,1929,0,silent_generation
Frank_Keating,Republican Party (United States),1,0,Undefined Christian,1944,0,silent_generation
Frank_L._Roberts,Democratic Party (United States),2,1,NA,1915,1,greatest_generation
Fred_Baden,Democratic Party (United States),1,0,NA,1934,0,silent_generation
Fred_Dryer,Republican Party (United States),1,0,NA,1946,0,baby_boomers
Fred_R._Harris,Democratic Party (United States),1,0,Undefined Christian,1930,0,silent_generation
Fred_Thompson,Republican Party (United States),1,0,Conservative Christian,1942,0,silent_generation
Federico_Peña,Democratic Party (United States),1,0,NA,1947,0,baby_boomers
Fiona_Ma,Democratic Party (United States),1,0,NA,1966,0,generation_x
Floyd_K._Haskell,Democratic Party (United States),1,0,NA,1916,0,greatest_generation
Floyd_Smith_(Louisiana_politician),Democratic Party (United States),1,0,Undefined Christian,1932,0,silent_generation
Gary_Hannig,Democratic Party (United States),1,0,Undefined Christian,1952,0,baby_boomers
Gaston_Caperton,Democratic Party (United States),3,0,NA,1940,2,silent_generation
Gavin_Newsom,Democratic Party (United States),2,0,Undefined Christian,1967,1,generation_x
Gayle_Manning,Republican Party (United States),1,0,Undefined Christian,1950,0,baby_boomers
George_Deukmejian,Republican Party (United States),1,0,NA,1928,0,silent_generation
George_H._W._Bush,Republican Party (United States),1,5,NA,1924,0,greatest_generation
George_McGovern,Democratic Party (United States),1,0,Progressive Christian,1922,0,greatest_generation
George_Nigh,Democratic Party (United States),1,0,Undefined Christian,1927,0,greatest_generation
George_P._Shultz,Republican Party (United States),1,0,NA,1920,0,greatest_generation
George_Pataki,Republican Party (United States),1,0,Undefined Christian,1945,0,silent_generation
George_Runner,Republican Party (United States),1,0,Undefined Christian,1952,0,baby_boomers
George_Ryan,Republican Party (United States),1,0,NA,1934,0,silent_generation
George_Stephanopoulos,Democratic Party (United States),1,0,Conservative Christian,1961,0,baby_boomers
George_W._Collins,Democratic Party (United States),1,0,NA,1925,0,greatest_generation
George_W._Romney,Republican Party (United States),1,2,Conservative Christian,1907,0,greatest_generation
George_Wallace,Democratic Party (United States),3,1,NA,1919,2,greatest_generation
Gerald_Ford,Republican Party (United States),1,4,NA,1913,0,greatest_generation
Gerald_Garson,Democratic Party (United States),1,0,NA,1932,0,silent_generation
Geraldine_Ferraro,Democratic Party (United States),1,0,Undefined Christian,1935,0,silent_generation
Geraldo_Rivera,Republican Party (United States),1,0,NA,1943,0,silent_generation
Gertrude_Walton_Donahey,Democratic Party (United States),1,0,NA,1908,0,greatest_generation
Ginny_Coppola,Republican Party (United States),1,0,NA,1949,0,baby_boomers
Gabrielle_Giffords,Democratic Party (United States),1,0,NA,1970,0,generation_x
Glenn_Cunningham_(New_Jersey),Democratic Party (United States),1,0,NA,1943,0,silent_generation
Glenn_Ivey,Democratic Party (United States),1,0,Progressive Christian,1961,0,baby_boomers
Gloria_Deukmejian,Republican Party (United States),1,0,NA,1932,0,silent_generation
Gloria_Stuart,Democratic Party (United States),1,0,NA,1910,0,greatest_generation
Goodloe_Byron,Democratic Party (United States),1,0,NA,1929,0,silent_generation
Gray_Davis,Democratic Party (United States),1,0,Undefined Christian,1942,0,silent_generation
Gregory_Peck,Democratic Party (United States),1,1,Undefined Christian,1916,0,greatest_generation
Griffith_R._Harsh,Republican Party (United States),1,0,Undefined Christian,1953,0,baby_boomers
Hillary_Clinton,Republican Party (United States),1,1,Progressive Christian,1947,0,baby_boomers
Hodding_Carter_III,Democratic Party (United States),1,1,NA,1935,0,silent_generation
Howard_Baker,Republican Party (United States),1,0,Undefined Christian,1925,0,greatest_generation
Howard_Dean,Democratic Party (United States),1,0,Progressive Christian,1948,0,baby_boomers
Hugh_Carey,Democratic Party (United States),1,1,Undefined Christian,1919,0,greatest_generation
Hugh_Crawford_(politician),Republican Party (United States),1,0,NA,1941,0,silent_generation
Hugh_E._Rodham,Republican Party (United States),1,3,Progressive Christian,1911,0,greatest_generation
Hugh_Gallen,Democratic Party (United States),1,0,NA,1924,0,greatest_generation
Hugh_Gregg,Republican Party (United States),1,0,Conservative Christian,1917,0,greatest_generation
Hulett_C._Smith,Democratic Party (United States),2,0,NA,1918,1,greatest_generation
Huma_Abedin,Democratic Party (United States),1,0,Non Christian,1976,0,generation_x
Happy_Rockefeller,Republican Party (United States),1,1,NA,1926,0,greatest_generation
Harriet_C._Babbitt,Democratic Party (United States),1,0,NA,1947,0,baby_boomers
Harry_Hughes,Democratic Party (United States),1,0,NA,1926,0,greatest_generation
Harvey_Weinstein,Democratic Party (United States),1,0,NA,1952,0,baby_boomers
Hazel_R._O'Leary,Democratic Party (United States),2,0,NA,1937,1,silent_generation
Heidi_Cruz,Republican Party (United States),1,0,NA,1972,0,generation_x
Helen_F._Holt,Republican Party (United States),1,0,NA,1913,0,greatest_generation
Helen_J._Farabee,Democratic Party (United States),1,1,Progressive Christian,1934,0,silent_generation
Helen_Stevenson_Meyner,Democratic Party (United States),1,0,NA,1929,0,silent_generation
Henry_Bonilla,Republican Party (United States),1,0,Undefined Christian,1954,0,baby_boomers
Henry_Fonda,Democratic Party (United States),6,2,NA,1905,5,greatest_generation
Henry_Kissinger,Republican Party (United States),1,0,NA,1923,0,greatest_generation
Henry_Sanders_(politician),Democratic Party (United States),1,0,Undefined Christian,1942,0,silent_generation
H._John_Heinz_III,Republican Party (United States),1,3,Undefined Christian,1938,0,silent_generation
Hale_Boggs,Democratic Party (United States),1,3,Undefined Christian,1914,0,greatest_generation
Haley_Barbour,Republican Party (United States),1,0,NA,1947,0,baby_boomers
Ileana_Ros-Lehtinen,Republican Party (United States),1,0,NA,1952,0,baby_boomers
Ira_Silverstein,Democratic Party (United States),1,0,NA,1960,0,baby_boomers
Jerry_Weller,Republican Party (United States),1,0,NA,1957,0,baby_boomers
Jessica_Simpson,Republican Party (United States),2,0,NA,1980,1,generation_x
Jill_Biden,Democratic Party (United States),1,2,Undefined Christian,1951,0,baby_boomers
Jim_Folsom,Democratic Party (United States),1,0,NA,1908,0,greatest_generation
Jim_Gibbons_(U.S._politician),Republican Party (United States),1,0,Conservative Christian,1944,0,silent_generation
Jim_Henson,Democratic Party (United States),1,3,NA,1936,0,silent_generation
Jim_Himes,Democratic Party (United States),1,0,Undefined Christian,1966,0,generation_x
Jim_Kyle,Democratic Party (United States),1,0,Undefined Christian,1950,0,baby_boomers
Jim_Newberry,Democratic Party (United States),1,0,NA,1956,0,baby_boomers
Jim_Risch,Republican Party (United States),1,0,Undefined Christian,1943,0,silent_generation
Jim_Webb,Democratic Party (United States),1,0,NA,1946,0,baby_boomers
Jimmy_Carter,Democratic Party (United States),1,2,Undefined Christian,1924,0,greatest_generation
Jimmy_Womack,Democratic Party (United States),1,0,Progressive Christian,1953,0,baby_boomers
Jo_Ann_Emerson,Republican Party (United States),1,0,Undefined Christian,1950,0,baby_boomers
Joan_Bennett_Kennedy,Democratic Party (United States),1,3,NA,1936,0,silent_generation
Joan_Kroc,Democratic Party (United States),1,0,Progressive Christian,1928,0,silent_generation
Joan_Mondale,Democratic Party (United States),1,2,Undefined Christian,1930,0,silent_generation
Jocelyn_Burdick,Democratic Party (United States),1,0,NA,1922,0,greatest_generation
Jodi_Rell,Republican Party (United States),1,0,NA,1946,0,baby_boomers
Joe_Biden,Democratic Party (United States),1,2,Undefined Christian,1942,0,silent_generation
Joe_LeSage,Democratic Party (United States),1,0,NA,1928,0,silent_generation
Joe_Lieberman,Democratic Party (United States),1,0,Non Christian,1942,0,silent_generation
Joe_Manchin,Democratic Party (United States),1,1,Undefined Christian,1947,0,baby_boomers
Joe_Shell,Republican Party (United States),1,0,Undefined Christian,1918,0,greatest_generation
Joel_Hefley,Republican Party (United States),1,0,Undefined Christian,1935,0,silent_generation
Joel_Kleefisch,Republican Party (United States),1,0,Conservative Christian,1971,0,generation_x
Joel_Klein,Democratic Party (United States),1,0,Non Christian,1946,0,baby_boomers
John_Adler,Democratic Party (United States),1,0,Non Christian,1959,0,baby_boomers
John_Arthur_Eaves,Democratic Party (United States),1,0,Undefined Christian,1966,0,generation_x
John_C._Keegan,Republican Party (United States),1,0,NA,1952,0,baby_boomers
John_C._West,Democratic Party (United States),1,0,Progressive Christian,1922,0,greatest_generation
John_C._Whitehead,Republican Party (United States),1,0,NA,1922,0,greatest_generation
John_Connally,Republican Party (United States),1,0,NA,1917,0,greatest_generation
John_Conyers,Democratic Party (United States),1,0,Undefined Christian,1929,0,silent_generation
John_D._Cherry,Democratic Party (United States),1,0,NA,1951,0,baby_boomers
John_Davis_Lodge,Republican Party (United States),1,1,NA,1903,0,greatest_generation
John_Dingell,Democratic Party (United States),1,0,NA,1926,0,greatest_generation
James_W._Holsinger,Republican Party (United States),1,0,NA,1939,0,silent_generation
Jamie_Fair,Republican Party (United States),1,0,NA,1945,0,silent_generation
Jamie_Raskin,Democratic Party (United States),1,0,NA,1962,0,baby_boomers
Jan_Schakowsky,Democratic Party (United States),1,0,NA,1944,0,silent_generation
Jane_Byrne,Democratic Party (United States),1,0,Undefined Christian,1933,0,silent_generation
Jane_Cease,Democratic Party (United States),1,0,NA,1936,0,silent_generation
Jane_Hadley_Barkley,Republican Party (United States),1,0,NA,1911,0,greatest_generation
Jane_Harman,Democratic Party (United States),1,0,Non Christian,1945,0,silent_generation
Jane_Russell,Republican Party (United States),1,0,Undefined Christian,1921,0,greatest_generation
Janet_Howell,Democratic Party (United States),1,0,Non Christian,1944,0,silent_generation
Janet_Huckabee,Republican Party (United States),1,1,NA,1955,0,baby_boomers
Janet_Yellen,Democratic Party (United States),1,0,NA,1946,0,baby_boomers
Jared_Kushner,Republican Party (United States),1,0,Non Christian,1981,0,generation_y
Jarrett_Barrios,Democratic Party (United States),1,0,NA,1968,0,generation_x
Jay_Carney,Democratic Party (United States),1,0,NA,1965,0,generation_x
Jay_Rockefeller,Republican Party (United States),1,1,Undefined Christian,1937,0,silent_generation
Jean_Boese,Republican Party (United States),1,0,Undefined Christian,1925,0,greatest_generation
Jean_Byrne,Democratic Party (United States),1,0,NA,1926,0,greatest_generation
Jean_Carnahan,Democratic Party (United States),1,0,NA,1933,0,silent_generation
Jean_Hudson_Boyd,Republican Party (United States),1,0,NA,1954,0,baby_boomers
Jean_Kennedy_Smith,Democratic Party (United States),1,2,Undefined Christian,1928,0,silent_generation
Jean_M._Doerge,Democratic Party (United States),1,0,Progressive Christian,1937,0,silent_generation
Jean_Spencer_Ashbrook,Republican Party (United States),1,0,NA,1934,0,silent_generation
Jeanette_Dousdebes_Rubio,Republican Party (United States),1,0,Undefined Christian,1973,0,generation_x
Jeannemarie_Devolites_Davis,Republican Party (United States),1,0,Undefined Christian,1956,0,baby_boomers
Jefferson_Stafford,Republican Party (United States),1,0,NA,1939,0,silent_generation
Jenny_Sanford,Republican Party (United States),1,0,NA,1962,0,baby_boomers
Jere_Hargrove,Democratic Party (United States),1,0,NA,1946,0,baby_boomers
Jeri_Kehn_Thompson,Republican Party (United States),1,0,Progressive Christian,1966,0,generation_x
Jerry_Apodaca,Democratic Party (United States),1,0,NA,1934,0,silent_generation
Jerry_Brown,Democratic Party (United States),1,0,Undefined Christian,1938,0,silent_generation
Jerry_Pettis,Republican Party (United States),1,0,Conservative Christian,1916,0,greatest_generation
John_Edwards,Democratic Party (United States),1,1,Progressive Christian,1953,0,baby_boomers
John_Engler,Republican Party (United States),1,0,Undefined Christian,1948,0,baby_boomers
John_F._Kennedy,Democratic Party (United States),1,3,Undefined Christian,1917,0,greatest_generation
John_F._Schwegmann,Democratic Party (United States),1,0,NA,1945,0,silent_generation
John_Fernandez_(Indiana_politician),Democratic Party (United States),1,0,NA,1953,0,baby_boomers
John_G._Schmitz,Republican Party (United States),1,2,Undefined Christian,1930,0,silent_generation
John_Gard,Republican Party (United States),1,0,NA,1963,0,baby_boomers
John_Glenn,Democratic Party (United States),1,0,Undefined Christian,1921,0,greatest_generation
John_H._Reed,Republican Party (United States),1,0,NA,1921,0,greatest_generation
John_Henry_Baker,Republican Party (United States),1,0,Progressive Christian,1934,0,silent_generation
John_Hickenlooper,Democratic Party (United States),1,0,Conservative Christian,1952,0,baby_boomers
John_Judge,Democratic Party (United States),1,0,Undefined Christian,1944,0,silent_generation
John_K._Stargel,Republican Party (United States),1,0,Undefined Christian,1964,0,baby_boomers
John_Kasich,Republican Party (United States),1,0,Conservative Christian,1952,0,baby_boomers
John_Kerry,Democratic Party (United States),2,2,Undefined Christian,1943,1,silent_generation
John_Ladenburg,Democratic Party (United States),1,0,NA,1949,0,baby_boomers
John_Lynch_(New_Hampshire),Democratic Party (United States),1,0,Undefined Christian,1952,0,baby_boomers
John_M._Ashbrook,Republican Party (United States),1,0,NA,1928,0,silent_generation
John_McLaughlin_(host),Republican Party (United States),1,0,NA,1927,0,greatest_generation
John_Minnis,Republican Party (United States),1,0,NA,1953,0,baby_boomers
John_N._Mitchell,Republican Party (United States),1,0,NA,1913,0,greatest_generation
John_Negroponte,Republican Party (United States),1,0,NA,1939,0,silent_generation
John_O._Bennett,Republican Party (United States),1,0,NA,1948,0,baby_boomers
John_W._Donahey,Democratic Party (United States),1,0,NA,1905,0,greatest_generation
John_Warner,Republican Party (United States),1,0,NA,1927,0,greatest_generation
John_Wayne,Republican Party (United States),3,3,NA,1907,2,greatest_generation
John_William_Loudon,Republican Party (United States),1,0,Undefined Christian,1967,0,generation_x
John_Y._Brown_Jr.,Democratic Party (United States),1,2,NA,1933,0,silent_generation
Jolene_Ivey,Democratic Party (United States),1,0,NA,1961,0,baby_boomers
Jon_Leibowitz,Democratic Party (United States),1,0,NA,1958,0,baby_boomers
Jon_Lynn_Christensen,Republican Party (United States),1,0,NA,1963,0,baby_boomers
Jon_S._Cardin,Democratic Party (United States),1,1,NA,1970,0,generation_x
Jon_Voight,Republican Party (United States),2,2,NA,1938,1,silent_generation
Jose_Menendez,Democratic Party (United States),1,0,Undefined Christian,1969,0,generation_x
Joseph_Alioto,Democratic Party (United States),1,0,NA,1916,0,greatest_generation
Joseph_Stiglitz__1,Democratic Party (United States),1,0,NA,1943,0,silent_generation
Joshua_J._Cohen,Democratic Party (United States),1,0,Non Christian,1973,0,generation_x
Joyce_Beatty,Democratic Party (United States),1,0,Undefined Christian,1951,0,baby_boomers
Juan_Verde,Democratic Party (United States),1,0,NA,1971,0,generation_x
Judith_Steinberg_Dean,Democratic Party (United States),1,0,Non Christian,1953,0,baby_boomers
Judy_Agnew,Republican Party (United States),1,0,NA,1921,0,greatest_generation
Judy_Chu,Democratic Party (United States),1,0,NA,1953,0,baby_boomers
Juliette_Kayyem,Democratic Party (United States),1,0,NA,1969,0,generation_x
Julius_Genachowski,Democratic Party (United States),2,0,Non Christian,1962,1,baby_boomers
J._William_Fulbright,Democratic Party (United States),1,0,Progressive Christian,1905,0,greatest_generation
Jack_B._Johnson,Democratic Party (United States),1,0,NA,1949,0,baby_boomers
Jack_McGregor,Republican Party (United States),1,0,NA,1934,0,silent_generation
Jack_Ryan_(politician),Republican Party (United States),1,0,NA,1959,0,baby_boomers
Jack_Welch,Republican Party (United States),1,0,NA,1935,0,silent_generation
Jacqueline_Kennedy_Onassis,Democratic Party (United States),2,3,Undefined Christian,1929,1,silent_generation
Jake_Sullivan,Democratic Party (United States),1,0,NA,1976,0,generation_x
Jamelle_Folsom,Democratic Party (United States),1,1,NA,1927,0,greatest_generation
James_Allen_(U.S._Senator),Democratic Party (United States),1,0,Conservative Christian,1912,0,greatest_generation
James_Blanchard,Democratic Party (United States),1,0,Non Christian,1942,0,silent_generation
James_Brady,Republican Party (United States),1,0,NA,1940,0,silent_generation
James_Cargas,Democratic Party (United States),1,0,Conservative Christian,1966,0,generation_x
James_Carville,Democratic Party (United States),1,0,NA,1944,0,silent_generation
James_D._Johnson,Republican Party (United States),1,0,NA,1924,0,greatest_generation
Karen_Gillmor,Republican Party (United States),1,0,Undefined Christian,1948,0,baby_boomers
Karen_Mills,Democratic Party (United States),1,0,NA,1953,0,baby_boomers
Karen_Waldbillig_Kasich,Republican Party (United States),1,0,NA,1963,0,baby_boomers
Karin_Housley,Republican Party (United States),1,0,NA,1964,0,baby_boomers
Kathleen_Blanco,Democratic Party (United States),1,0,Undefined Christian,1942,0,silent_generation
Kathleen_Falk,Democratic Party (United States),1,0,NA,1951,0,baby_boomers
Kathleen_Sebelius,Democratic Party (United States),1,0,Undefined Christian,1948,0,baby_boomers
Kathleen_Vinehout,Democratic Party (United States),1,0,Undefined Christian,1958,0,baby_boomers
Kathy_Crawford,Republican Party (United States),1,0,NA,1942,0,silent_generation
Kathy_Hochul,Democratic Party (United States),1,0,Undefined Christian,1958,0,baby_boomers
Katrina_Swett,Democratic Party (United States),1,0,Conservative Christian,1955,0,baby_boomers
Kay_A._Orr,Republican Party (United States),1,0,NA,1939,0,silent_generation
Kay_Bailey_Hutchison,Republican Party (United States),1,0,NA,1943,0,silent_generation
Kelli_Stargel,Republican Party (United States),1,0,Undefined Christian,1966,0,generation_x
Kelsey_Begaye,Democratic Party (United States),1,0,NA,1951,0,baby_boomers
Ken_Hechler,Democratic Party (United States),1,0,NA,1914,0,greatest_generation
Ken_Rothman,Democratic Party (United States),1,0,Non Christian,1935,0,silent_generation
Kerry_Healey,Republican Party (United States),1,0,NA,1960,0,baby_boomers
Kerry_Kennedy,Democratic Party (United States),1,0,Undefined Christian,1959,0,baby_boomers
Kesha_Rogers,Democratic Party (United States),1,0,NA,1976,0,generation_x
Kevin_Johnson,Democratic Party (United States),1,0,NA,1966,0,generation_x
Kevin_Poirier,Republican Party (United States),1,0,NA,1940,0,silent_generation
Kirk_Caldwell,Democratic Party (United States),1,0,NA,1952,0,baby_boomers
Kirk_Douglas,Democratic Party (United States),2,4,Non Christian,1916,1,greatest_generation
Kirk_Fordice,Republican Party (United States),1,0,NA,1934,0,silent_generation
Kurt_Schrader,Democratic Party (United States),1,0,NA,1951,0,baby_boomers
K.D._Kilpatrick,Democratic Party (United States),1,0,Progressive Christian,1928,0,silent_generation
Lucy_Baxley,Democratic Party (United States),1,0,Progressive Christian,1937,0,silent_generation
Luis_A._Ferré,Republican Party (United States),1,0,NA,1904,0,greatest_generation
Luke_Bronin,Democratic Party (United States),1,0,NA,1979,0,generation_x
Lura_Lynn_Ryan,Republican Party (United States),1,0,NA,1934,0,silent_generation
Lurleen_Wallace,Democratic Party (United States),1,1,NA,1926,0,greatest_generation
Luther_Olsen,Republican Party (United States),1,0,NA,1951,0,baby_boomers
Lyndon_B._Johnson,Democratic Party (United States),1,2,Undefined Christian,1908,0,greatest_generation
Lyndon_LaRouche,Democratic Party (United States),1,1,Conservative Christian,1922,0,greatest_generation
Lynn_Morley_Martin,Republican Party (United States),1,0,NA,1939,0,silent_generation
Lynne_Cheney,Republican Party (United States),1,2,Progressive Christian,1941,0,silent_generation
L._D._Knox,Democratic Party (United States),1,0,NA,1929,0,silent_generation
LaDonna_Harris,Democratic Party (United States),1,0,NA,1931,0,silent_generation
Lady_Bird_Johnson,Democratic Party (United States),1,2,NA,1912,0,greatest_generation
Larry_Belcher,Democratic Party (United States),1,0,Undefined Christian,1947,0,baby_boomers
Larry_Hogan,Republican Party (United States),1,0,Undefined Christian,1956,0,baby_boomers
Laura_Bush,Republican Party (United States),1,2,Progressive Christian,1946,0,baby_boomers
Laura_Miller,Democratic Party (United States),1,0,Non Christian,1958,0,baby_boomers
Lauren_Bacall,Democratic Party (United States),2,1,NA,1924,1,greatest_generation
Laurence_Silberman,Republican Party (United States),1,0,NA,1935,0,silent_generation
Laurene_Powell_Jobs,Democratic Party (United States),1,1,NA,1963,0,baby_boomers
Lawrence_Summers,Democratic Party (United States),1,0,NA,1954,0,baby_boomers
Lawton_Chiles,Democratic Party (United States),1,0,Undefined Christian,1930,0,silent_generation
LeRoy_Collins,Democratic Party (United States),1,0,NA,1909,0,greatest_generation
Lee_Beyer,Democratic Party (United States),1,0,NA,1948,0,baby_boomers
Lenore_Romney,Republican Party (United States),1,2,Conservative Christian,1908,0,greatest_generation
Leona_Telek,Republican Party (United States),1,0,Undefined Christian,1931,0,silent_generation
Leonor_Sullivan,Democratic Party (United States),1,0,Undefined Christian,1902,0,greatest_generation
Les_Brown_(speaker),Democratic Party (United States),1,0,NA,1945,0,silent_generation
Libby_Pataki,Republican Party (United States),1,0,NA,1950,0,baby_boomers
Linda_McMahon,Republican Party (United States),1,2,Undefined Christian,1948,0,baby_boomers
Lindy_Boggs,Democratic Party (United States),1,3,Undefined Christian,1916,0,greatest_generation
Lisa_Madigan,Democratic Party (United States),1,0,NA,1966,0,generation_x
Lisa_Murkowski,Republican Party (United States),1,0,Undefined Christian,1957,0,baby_boomers
Liz_Cheney,Republican Party (United States),1,0,Progressive Christian,1966,0,generation_x
Lois_Capps,Democratic Party (United States),1,0,Progressive Christian,1938,0,silent_generation
Loni_Hancock,Democratic Party (United States),1,0,NA,1940,0,silent_generation
Lucien_E._Blackwell,Democratic Party (United States),1,1,NA,1931,0,silent_generation
Madeleine_Albright,Democratic Party (United States),1,0,NA,1937,0,silent_generation
Madeleine_M._Kunin,Democratic Party (United States),1,0,Non Christian,1933,0,silent_generation
Maggie_Hassan,Democratic Party (United States),1,0,Progressive Christian,1958,0,baby_boomers
Mandy_Grunwald,Democratic Party (United States),1,0,NA,1963,0,baby_boomers
Marc_Morial,Democratic Party (United States),1,0,Undefined Christian,1958,0,baby_boomers
Marco_Rubio,Republican Party (United States),1,0,Undefined Christian,1971,0,generation_x
Margaret_Formby,Republican Party (United States),1,0,NA,1929,0,silent_generation
Margaret_Hamburg,Democratic Party (United States),1,0,NA,1955,0,baby_boomers
Maurine_Neuberger,Democratic Party (United States),2,0,Non Christian,1907,1,greatest_generation
Max_Sandlin,Democratic Party (United States),1,0,NA,1952,0,baby_boomers
Maxine_Waters,Democratic Party (United States),1,0,NA,1938,0,silent_generation
Maynard_Jackson,Democratic Party (United States),1,0,NA,1938,0,silent_generation
Mayoralty_of_Dianne_Feinstein,Democratic Party (United States),1,0,Non Christian,1933,0,silent_generation
Meg_Whitman,Republican Party (United States),1,0,Undefined Christian,1956,0,baby_boomers
Megan_Barry,Democratic Party (United States),1,0,Undefined Christian,1963,0,baby_boomers
Megan_Beyer,Democratic Party (United States),1,0,NA,1957,0,baby_boomers
Mel_Carnahan,Democratic Party (United States),1,0,Undefined Christian,1934,0,silent_generation
Mel_Levine,Democratic Party (United States),1,0,NA,1943,0,silent_generation
Melania_Trump,Republican Party (United States),1,3,NA,1970,0,generation_x
Melanie_Wade_Goodwin,Democratic Party (United States),1,0,NA,1970,0,generation_x
Melinda_Schwegmann,Republican Party (United States),1,0,Undefined Christian,1946,0,baby_boomers
Melinda_Smyser,Republican Party (United States),1,0,Undefined Christian,1958,0,baby_boomers
Melissa_Gilbert,Democratic Party (United States),2,0,NA,1964,1,baby_boomers
Melvin_H._Evans,Republican Party (United States),1,0,NA,1917,0,greatest_generation
Michael_Dukakis,Democratic Party (United States),1,0,Conservative Christian,1933,0,silent_generation
Michael_Huffington,Republican Party (United States),1,0,Conservative Christian,1947,0,baby_boomers
Michael_J._Coppola,Republican Party (United States),1,0,NA,1942,0,silent_generation
Michelle_Obama,Democratic Party (United States),1,0,Undefined Christian,1964,0,baby_boomers
Michelle_Park_Steel,Republican Party (United States),1,0,NA,1955,0,baby_boomers
Michelle_Rhee,Democratic Party (United States),2,0,NA,1969,1,generation_x
Michelle_Stennett,Democratic Party (United States),1,0,NA,1960,0,baby_boomers
Michèle_Flournoy,Democratic Party (United States),1,0,NA,1960,0,baby_boomers
Mike_Cierpiot,Republican Party (United States),1,0,Conservative Christian,1953,0,baby_boomers
Mike_Coffman,Republican Party (United States),1,0,NA,1955,0,baby_boomers
Mike_Cox_(U.S._politician),Republican Party (United States),1,0,Undefined Christian,1961,0,baby_boomers
Margot_Kidder,Democratic Party (United States),3,0,NA,1948,2,baby_boomers
Mari_Maseng_Will,Republican Party (United States),1,0,NA,1954,0,baby_boomers
Maria_Echaveste,Democratic Party (United States),1,0,NA,1954,0,baby_boomers
Maria_Shriver,Democratic Party (United States),1,2,NA,1955,0,baby_boomers
Marilyn_Lewis,Republican Party (United States),1,0,NA,1931,0,silent_generation
Marilyn_Mosby,Democratic Party (United States),1,0,NA,1980,0,generation_x
Marilyn_Quayle,Republican Party (United States),1,1,NA,1949,0,baby_boomers
Marjorie_Margolies,Democratic Party (United States),1,0,Non Christian,1942,0,silent_generation
Mark_Falzone,Democratic Party (United States),1,0,NA,1975,0,generation_x
Mark_Sanford,Republican Party (United States),2,0,NA,1960,1,baby_boomers
Martha_F._Gerry,Republican Party (United States),1,0,NA,1918,0,greatest_generation
Martha_Farmer_Brewer,Democratic Party (United States),1,0,NA,1928,0,silent_generation
Martha_Keys,Democratic Party (United States),2,0,NA,1930,1,silent_generation
Martha_Schrader,Democratic Party (United States),1,0,NA,1953,0,baby_boomers
Martha_Wilkinson,Democratic Party (United States),1,0,NA,1941,0,silent_generation
Martin_O'Malley,Democratic Party (United States),1,0,Undefined Christian,1963,0,baby_boomers
Marvin_Mandel,Democratic Party (United States),1,0,Non Christian,1920,0,greatest_generation
Mary_A._Conroy,Democratic Party (United States),1,0,NA,1931,0,silent_generation
Mary_Bono,Republican Party (United States),3,0,NA,1961,2,baby_boomers
Mary_Brooks,Republican Party (United States),1,1,NA,1907,0,greatest_generation
Mary_Call_Darby_Collins,Democratic Party (United States),1,0,NA,1911,0,greatest_generation
Mary_K._Shell,Republican Party (United States),2,0,NA,1927,1,greatest_generation
Mary_Kaye_Huntsman,Republican Party (United States),1,1,Conservative Christian,1961,0,baby_boomers
Mary_Matalin,Republican Party (United States),1,0,NA,1953,0,baby_boomers
Mary_Pat_Christie,Republican Party (United States),1,0,NA,1963,0,baby_boomers
Maryon_Pittman_Allen,Democratic Party (United States),1,0,Conservative Christian,1925,0,greatest_generation
Matt_Blunt,Republican Party (United States),1,0,NA,1970,0,generation_x
Mike_Huckabee,Republican Party (United States),1,1,NA,1955,0,baby_boomers
Mike_Spano,Democratic Party (United States),1,0,NA,1964,0,baby_boomers
Mike_Walsworth,Republican Party (United States),1,0,Conservative Christian,1956,0,baby_boomers
Mitch_Daniels,Republican Party (United States),1,0,Undefined Christian,1949,0,baby_boomers
Mitch_McConnell,Republican Party (United States),1,0,NA,1942,0,silent_generation
Mitt_Romney,Republican Party (United States),1,1,Conservative Christian,1947,0,baby_boomers
Mona_Sutphen,Democratic Party (United States),1,0,NA,1967,0,generation_x
Monica_Horan,Democratic Party (United States),1,0,NA,1963,0,baby_boomers
Muriel_Humphrey_Brown,Democratic Party (United States),1,1,NA,1912,0,greatest_generation
Nancy_Kassebaum,Republican Party (United States),1,0,NA,1932,0,silent_generation
Nancy_Munoz,Republican Party (United States),1,0,NA,1954,0,baby_boomers
Nancy_Pelosi,Democratic Party (United States),1,3,Undefined Christian,1940,0,silent_generation
Nancy_Reagan,Republican Party (United States),1,2,Undefined Christian,1921,0,greatest_generation
Nandita_Berry,Republican Party (United States),1,0,NA,1968,0,generation_x
Natalie_Tennant,Democratic Party (United States),1,0,NA,1967,0,generation_x
Neil_Abercrombie,Democratic Party (United States),1,0,NA,1938,0,silent_generation
Nelson_Rockefeller,Republican Party (United States),2,0,Undefined Christian,1908,1,greatest_generation
Neva_Egan,Democratic Party (United States),1,1,NA,1914,0,greatest_generation
Newt_Gingrich,Republican Party (United States),1,0,Undefined Christian,1943,0,silent_generation
Nicholas_Katzenbach,Democratic Party (United States),1,4,NA,1922,0,greatest_generation
Nicolle_Wallace,Republican Party (United States),1,0,NA,1972,0,generation_x
Niki_Tsongas,Democratic Party (United States),1,0,NA,1946,0,baby_boomers
Noble_Ellington,Republican Party (United States),3,0,Undefined Christian,1942,2,silent_generation
Norton_Simon,Republican Party (United States),1,0,Non Christian,1907,0,greatest_generation
Odilia_Dank,Republican Party (United States),1,0,Undefined Christian,1938,0,silent_generation
Ogden_Phipps,Republican Party (United States),1,3,NA,1908,0,greatest_generation
Olympia_Snowe,Republican Party (United States),2,0,Conservative Christian,1947,1,baby_boomers
Oveta_Culp_Hobby,Republican Party (United States),1,0,NA,1905,0,greatest_generation
Patricia_W._Jones,Democratic Party (United States),1,0,Conservative Christian,1950,0,baby_boomers
Patti_Anne_Lodge,Republican Party (United States),1,0,Undefined Christian,1942,0,silent_generation
Patty_Judge,Democratic Party (United States),1,0,Undefined Christian,1943,0,silent_generation
Paul_A._Porter,Democratic Party (United States),1,0,NA,1904,0,greatest_generation
Paul_Bremer,Republican Party (United States),1,0,NA,1941,0,silent_generation
Paul_E._Patton,Democratic Party (United States),1,0,Undefined Christian,1937,0,silent_generation
Paul_Eggers,Republican Party (United States),1,0,NA,1919,0,greatest_generation
Paul_Gillmor,Republican Party (United States),1,0,NA,1939,0,silent_generation
Paul_L._Foshee,Democratic Party (United States),1,0,NA,1932,0,silent_generation
Paul_McHale,Democratic Party (United States),1,0,NA,1950,0,baby_boomers
Paul_Newman,Democratic Party (United States),1,3,NA,1925,0,greatest_generation
Paul_Pelosi,Democratic Party (United States),1,3,Undefined Christian,1940,0,silent_generation
Paul_Simon_(politician),Democratic Party (United States),1,1,Undefined Christian,1928,0,silent_generation
Paul_Tsongas,Democratic Party (United States),1,0,NA,1941,0,silent_generation
Paul_Wolfowitz,Republican Party (United States),1,0,Non Christian,1943,0,silent_generation
Paula_Dockery,Republican Party (United States),1,0,Undefined Christian,1961,0,baby_boomers
Pedro_Tenorio,Republican Party (United States),1,0,NA,1934,0,silent_generation
Penne_Percy_Korth,Republican Party (United States),1,0,NA,1942,0,silent_generation
Pete_Wilson,Republican Party (United States),1,0,Undefined Christian,1933,0,silent_generation
Peter_Tali_Coleman,Republican Party (United States),1,0,NA,1919,0,greatest_generation
Phil_Amicone,Republican Party (United States),1,0,NA,1949,0,baby_boomers
Phil_Bredesen,Democratic Party (United States),1,0,Undefined Christian,1943,0,silent_generation
Pamela_Harriman,Democratic Party (United States),3,0,Undefined Christian,1920,2,greatest_generation
Parris_Glendening,Democratic Party (United States),1,0,Undefined Christian,1942,0,silent_generation
Pat_Brown,Democratic Party (United States),1,2,NA,1905,0,greatest_generation
Pat_Buttram,Republican Party (United States),1,0,NA,1915,0,greatest_generation
Pat_Nixon,Republican Party (United States),1,2,NA,1912,0,greatest_generation
Pat_Williams_(Montana),Democratic Party (United States),1,0,NA,1937,0,silent_generation
Patricia_Blagojevich,Democratic Party (United States),1,0,NA,1965,0,generation_x
Patricia_M._Derian,Democratic Party (United States),1,0,NA,1929,0,silent_generation
Phil_Gramm,Republican Party (United States),1,0,NA,1942,0,silent_generation
Phil_Hardberger,Democratic Party (United States),1,0,Undefined Christian,1934,0,silent_generation
Phil_Poole,Democratic Party (United States),1,0,NA,1959,0,baby_boomers
Phil_Robertson,Republican Party (United States),2,2,Undefined Christian,1946,1,baby_boomers
Philip_Hart,Democratic Party (United States),1,0,NA,1912,0,greatest_generation
Philip_Perry,Republican Party (United States),1,0,NA,1964,0,baby_boomers
Philip_T._Sica,Republican Party (United States),1,0,Conservative Christian,1934,0,silent_generation
Philip_Terzian,Republican Party (United States),1,0,NA,1950,0,baby_boomers
Phillip_Burton,Democratic Party (United States),1,0,NA,1926,0,greatest_generation
Pinkie_C._Wilkerson,Democratic Party (United States),1,0,NA,1948,0,baby_boomers
Pratt_C._Remmel,Republican Party (United States),1,0,Progressive Christian,1915,0,greatest_generation
Preston_Haskell,Republican Party (United States),1,0,NA,1938,0,silent_generation
Price_Daniel,Democratic Party (United States),1,1,NA,1910,0,greatest_generation
Quentin_N._Burdick,Democratic Party (United States),1,0,Conservative Christian,1908,0,greatest_generation
Rob_Andrews,Democratic Party (United States),1,0,NA,1957,0,baby_boomers
Rob_Krupicka,Democratic Party (United States),1,0,Progressive Christian,1971,0,generation_x
Robert_B._Meyner,Democratic Party (United States),1,0,NA,1908,0,greatest_generation
Robert_B._Oakley,Republican Party (United States),1,0,NA,1931,0,silent_generation
Robert_Bork,Republican Party (United States),1,0,Undefined Christian,1927,0,greatest_generation
Robert_Cummings,Republican Party (United States),1,0,NA,1910,0,greatest_generation
Robert_F._Kennedy,Democratic Party (United States),1,11,Undefined Christian,1925,0,greatest_generation
Robert_H._Bolton,Democratic Party (United States),1,0,NA,1908,0,greatest_generation
Robert_H._Kittleman,Republican Party (United States),1,1,NA,1926,0,greatest_generation
Robert_Jubelirer,Republican Party (United States),1,0,Non Christian,1937,0,silent_generation
Robert_M._McDowell,Republican Party (United States),1,0,Undefined Christian,1963,0,baby_boomers
Robert_M._Morgenthau,Democratic Party (United States),1,0,NA,1919,0,greatest_generation
Robert_McNamara,Republican Party (United States),1,2,NA,1916,0,greatest_generation
Robert_Mosbacher,Republican Party (United States),2,2,Undefined Christian,1927,1,greatest_generation
Robert_Travaglini,Democratic Party (United States),1,0,Undefined Christian,1952,0,baby_boomers
Robert_W._Lane,Republican Party (United States),1,0,NA,1949,0,baby_boomers
Robert_W._Scott,Democratic Party (United States),1,0,NA,1929,0,silent_generation
Roberto_Sánchez_Vilella,Democratic Party (United States),2,1,NA,1913,1,greatest_generation
Rod_Blagojevich,Democratic Party (United States),1,0,Conservative Christian,1956,0,baby_boomers
Ron_Cease,Democratic Party (United States),1,0,NA,1931,0,silent_generation
Ron_Gomez,Democratic Party (United States),1,0,NA,1934,0,silent_generation
Ronald_Reagan,Republican Party (United States),2,4,Undefined Christian,1911,1,greatest_generation
Ronna_Romney,Republican Party (United States),1,0,NA,1943,0,silent_generation
Ronnie_Musgrove,Democratic Party (United States),1,0,Progressive Christian,1956,0,baby_boomers
Rosa_DeLauro,Democratic Party (United States),1,0,NA,1943,0,silent_generation
Rosalynn_Carter,Democratic Party (United States),1,2,Undefined Christian,1927,0,greatest_generation
Rose_Toll,Democratic Party (United States),1,0,NA,1911,0,greatest_generation
Roy_Romer,Democratic Party (United States),1,0,NA,1928,0,silent_generation
Ruben_Gallego,Democratic Party (United States),1,0,Undefined Christian,1979,0,generation_x
Rudy_Boschwitz,Republican Party (United States),1,0,Non Christian,1930,0,silent_generation
Rudy_Giuliani,Republican Party (United States),3,0,Undefined Christian,1944,2,silent_generation
Ruth_Bader_Ginsburg,Democratic Party (United States),1,2,Non Christian,1933,0,silent_generation
Rand_Paul,Republican Party (United States),1,0,Undefined Christian,1963,0,baby_boomers
Ray_Farabee,Democratic Party (United States),1,1,NA,1932,0,silent_generation
Ray_Hutchison,Republican Party (United States),1,0,NA,1932,0,silent_generation
Ray_Kroc,Republican Party (United States),1,0,NA,1902,0,greatest_generation
Raymond_R._Guest,Democratic Party (United States),1,3,NA,1907,0,greatest_generation
Rebecca_Kleefisch,Republican Party (United States),1,0,Conservative Christian,1975,0,generation_x
Rex_Bell,Republican Party (United States),1,0,NA,1903,0,greatest_generation
Richard_A._Snelling,Republican Party (United States),1,0,Progressive Christian,1927,0,greatest_generation
Richard_F._Kneip,Democratic Party (United States),1,0,NA,1933,0,silent_generation
Richard_Holbrooke,Democratic Party (United States),1,0,NA,1941,0,silent_generation
Richard_J._Daley,Democratic Party (United States),1,4,Undefined Christian,1902,0,greatest_generation
Richard_L._Neuberger,Democratic Party (United States),1,0,Non Christian,1912,0,greatest_generation
Richard_Lamm,Democratic Party (United States),1,0,NA,1935,0,silent_generation
Richard_Lathim,Republican Party (United States),1,0,Undefined Christian,1955,0,baby_boomers
Richard_Nixon,Republican Party (United States),1,2,Conservative Christian,1913,0,greatest_generation
Richard_Ravitch,Democratic Party (United States),1,0,NA,1933,0,silent_generation
Richard_Schiff,Democratic Party (United States),1,0,NA,1955,0,baby_boomers
Richard_Swett,Democratic Party (United States),1,0,Conservative Christian,1957,0,baby_boomers
Rick_Perry,Republican Party (United States),1,0,NA,1950,0,baby_boomers
Ralph_Yelton,Democratic Party (United States),1,0,NA,1926,0,greatest_generation
Sara_Kyle,Democratic Party (United States),1,0,Undefined Christian,1952,0,baby_boomers
Sarah_Palin,Republican Party (United States),1,0,NA,1964,0,baby_boomers
Sarah_Steelman,Republican Party (United States),1,0,NA,1958,0,baby_boomers
Sargent_Shriver,Democratic Party (United States),1,0,Undefined Christian,1915,0,greatest_generation
Scott_Brown,Republican Party (United States),1,1,Undefined Christian,1959,0,baby_boomers
Scott_Walker,Republican Party (United States),1,0,NA,1967,0,generation_x
Sean_Duffy,Republican Party (United States),1,0,Undefined Christian,1971,0,generation_x
Sean_Eldridge,Democratic Party (United States),1,0,NA,1986,0,generation_y
Sean_Penn,Democratic Party (United States),2,1,NA,1960,1,baby_boomers
Shannon_O'Brien,Democratic Party (United States),1,0,NA,1959,0,baby_boomers
Shantel_Krebs,Republican Party (United States),1,0,Progressive Christian,1973,0,generation_x
Sharon_Davis,Democratic Party (United States),1,0,NA,1954,0,baby_boomers
Sharon_Pollard,Democratic Party (United States),1,0,NA,1950,0,baby_boomers
Sharon_Pratt_Kelly,Democratic Party (United States),1,0,NA,1944,0,silent_generation
Sharon_Runner,Republican Party (United States),1,0,NA,1954,0,baby_boomers
Sheila_Jackson_Lee,Democratic Party (United States),1,0,Conservative Christian,1950,0,baby_boomers
Shelby_Cullom_Davis,Republican Party (United States),1,1,NA,1909,0,greatest_generation
Sherrod_Brown,Democratic Party (United States),1,0,Progressive Christian,1952,0,baby_boomers
Shirley_Neil_Pettis,Republican Party (United States),1,0,Conservative Christian,1924,0,greatest_generation
Shirley_Temple,Republican Party (United States),2,1,NA,1928,1,silent_generation
Spencer_Abraham,Republican Party (United States),1,0,Conservative Christian,1952,0,baby_boomers
Spiro_Agnew,Republican Party (United States),1,0,NA,1918,0,greatest_generation
Stan_Kroenke,Republican Party (United States),1,2,NA,1947,0,baby_boomers
Stephanie_Herseth_Sandlin,Democratic Party (United States),1,0,Progressive Christian,1970,0,generation_x
Stephen_Kafoury,Democratic Party (United States),1,0,NA,1941,0,silent_generation
Steve_Allen,Democratic Party (United States),1,0,NA,1921,0,greatest_generation
Steve_Cowper,Democratic Party (United States),1,0,NA,1938,0,silent_generation
Steve_Henry,Democratic Party (United States),1,0,NA,1953,0,baby_boomers
Steve_Nunn,Republican Party (United States),1,0,NA,1952,0,baby_boomers
Steven_Cymbrowitz,Democratic Party (United States),1,0,NA,1953,0,baby_boomers
Steven_Rattner,Democratic Party (United States),1,0,NA,1952,0,baby_boomers
Sala_Burton,Democratic Party (United States),1,0,NA,1925,0,greatest_generation
Sally_Shelton-Colby,Democratic Party (United States),2,0,NA,1944,1,silent_generation
Samantha_Power,Democratic Party (United States),1,0,Undefined Christian,1970,0,generation_x
Sandra_Bolden_Cunningham,Democratic Party (United States),1,0,NA,1950,0,baby_boomers
Sandra_Day_O'Connor,Republican Party (United States),1,0,NA,1930,0,silent_generation
Sue_Ellen_Wooldridge,Republican Party (United States),1,0,NA,1961,0,baby_boomers
Susan_Molinari,Republican Party (United States),1,0,Undefined Christian,1958,0,baby_boomers
Susana_Martinez,Republican Party (United States),1,0,Undefined Christian,1959,0,baby_boomers
Suzan_DelBene,Democratic Party (United States),1,0,NA,1962,0,baby_boomers
Suzanne_Bonamici,Democratic Party (United States),1,0,NA,1954,0,baby_boomers
Swanee_Hunt,Democratic Party (United States),1,0,NA,1950,0,baby_boomers
Theodore_Olson,Republican Party (United States),1,0,NA,1940,0,silent_generation
Thomas_Downey,Democratic Party (United States),1,0,NA,1949,0,baby_boomers
Thomas_E._Donilon,Democratic Party (United States),1,0,NA,1955,0,baby_boomers
Thomas_E._Trowbridge,Democratic Party (United States),1,0,Undefined Christian,1930,0,silent_generation
Thomas_Gill_(politician),Democratic Party (United States),1,0,NA,1922,0,greatest_generation
Thomas_Lee_Judge,Democratic Party (United States),1,0,Undefined Christian,1934,0,silent_generation
Thomas_M._Davis,Republican Party (United States),1,0,Undefined Christian,1949,0,baby_boomers
Thyra_Thomson,Republican Party (United States),1,0,Progressive Christian,1916,0,greatest_generation
Tim_Babcock,Republican Party (United States),1,0,NA,1919,0,greatest_generation
Tim_Grendell,Republican Party (United States),1,0,Undefined Christian,1953,0,baby_boomers
Tim_Hagan,Democratic Party (United States),1,0,NA,1946,0,baby_boomers
Tim_Hutchinson,Republican Party (United States),1,0,NA,1949,0,baby_boomers
Tim_Kaine,Democratic Party (United States),1,0,Undefined Christian,1958,0,baby_boomers
Tipper_Gore,Democratic Party (United States),1,2,NA,1948,0,baby_boomers
Toddy_Puller,Democratic Party (United States),1,0,NA,1945,0,silent_generation
Tom_Anderson_(politician),Republican Party (United States),1,0,Undefined Christian,1967,0,generation_x
Tom_Bates,Democratic Party (United States),1,0,NA,1938,0,silent_generation
Tom_Birmingham,Democratic Party (United States),1,0,NA,1949,0,baby_boomers
Tom_Conroy,Democratic Party (United States),1,0,NA,1962,0,baby_boomers
Tom_Daschle,Democratic Party (United States),1,0,Undefined Christian,1947,0,baby_boomers
Tom_Harkin,Democratic Party (United States),1,0,Undefined Christian,1939,0,silent_generation
Tom_Petri,Republican Party (United States),1,0,Progressive Christian,1940,0,silent_generation
Tom_Vilsack,Democratic Party (United States),1,0,Undefined Christian,1950,0,baby_boomers
Tommy_Burks,Democratic Party (United States),1,0,Conservative Christian,1940,0,silent_generation
Tonette_Walker,Republican Party (United States),1,0,NA,1955,0,baby_boomers
Tony_Curtis,Democratic Party (United States),2,2,NA,1925,1,greatest_generation
Tony_Garza,Republican Party (United States),1,0,NA,1959,0,baby_boomers
Tony_Strickland,Republican Party (United States),1,0,Undefined Christian,1970,0,generation_x
Torbert_Macdonald,Democratic Party (United States),1,0,NA,1917,0,greatest_generation
Tricia_Cotham,Democratic Party (United States),1,0,NA,1978,0,generation_x
Troy_Hebert,Democratic Party (United States),1,0,Undefined Christian,1966,0,generation_x
Ty_Hardin,Republican Party (United States),2,0,NA,1930,1,silent_generation
Tammy_Irons,Democratic Party (United States),1,0,Conservative Christian,1963,0,baby_boomers
Tauese_Sunia,Democratic Party (United States),1,0,Conservative Christian,1941,0,silent_generation
Ted_Cruz,Republican Party (United States),1,0,NA,1970,0,generation_x
Ted_Kennedy,Democratic Party (United States),2,3,Undefined Christian,1932,1,silent_generation
Ted_Schwinden,Democratic Party (United States),1,0,Undefined Christian,1925,0,greatest_generation
Ted_Sorensen,Democratic Party (United States),1,0,NA,1928,0,silent_generation
Teel_Bivins,Republican Party (United States),2,0,NA,1947,1,baby_boomers
Teresa_Heinz,Republican Party (United States),2,2,Undefined Christian,1938,1,silent_generation
Terry_Beyer,Democratic Party (United States),1,0,NA,1951,0,baby_boomers
Terry_Haskins,Republican Party (United States),1,0,NA,1955,0,baby_boomers
Terry_W._Gee,Republican Party (United States),1,1,NA,1940,0,silent_generation
Tex_McCrary,Republican Party (United States),2,0,NA,1910,1,greatest_generation
Victoria_Reggie_Kennedy,Democratic Party (United States),1,0,Undefined Christian,1954,0,baby_boomers
Vince_Demuzio,Democratic Party (United States),1,0,NA,1941,0,silent_generation
Vincent_Hughes,Democratic Party (United States),1,0,Undefined Christian,1956,0,baby_boomers
Virginia_Johnson_(Arkansas),Democratic Party (United States),1,0,NA,1928,0,silent_generation
Virginia_Mayo,Republican Party (United States),1,0,Undefined Christian,1920,0,greatest_generation
Virginia_Thomas,Republican Party (United States),1,0,NA,1957,0,baby_boomers
Wallace_Barnes,Republican Party (United States),1,0,NA,1926,0,greatest_generation
Wallace_G._Wilkinson,Democratic Party (United States),1,0,Conservative Christian,1941,0,silent_generation
Wally_Barron,Democratic Party (United States),1,0,Undefined Christian,1911,0,greatest_generation
Walt_Whitman_Rostow,Democratic Party (United States),1,0,NA,1916,0,greatest_generation
Walter_Capps,Democratic Party (United States),1,0,NA,1934,0,silent_generation
Walter_Mondale,Democratic Party (United States),1,2,Undefined Christian,1928,0,silent_generation
Walter_Washington,Democratic Party (United States),1,0,NA,1915,0,greatest_generation
Warren_A._Morton,Republican Party (United States),1,1,NA,1924,0,greatest_generation
Warren_E._Hearnes,Democratic Party (United States),1,0,NA,1923,0,greatest_generation
Wayne_Connally,Democratic Party (United States),1,0,NA,1923,0,greatest_generation
Wayne_Goodwin,Democratic Party (United States),1,0,NA,1967,0,generation_x
Wellington_Webb,Democratic Party (United States),1,0,NA,1941,0,silent_generation
William_A._Egan,Democratic Party (United States),1,1,Undefined Christian,1914,0,greatest_generation
William_A._Marovitz,Democratic Party (United States),1,0,NA,1944,0,silent_generation
William_Bratton__William_Joseph_Bratton__1,Democratic Party (United States),2,0,NA,1947,1,baby_boomers
William_C._Marland,Democratic Party (United States),1,0,NA,1918,0,greatest_generation
William_Cohen,Republican Party (United States),1,0,Progressive Christian,1940,0,silent_generation
William_F._Frye,Democratic Party (United States),1,1,NA,1929,0,silent_generation
William_G._Batchelder,Republican Party (United States),1,0,Undefined Christian,1942,0,silent_generation
William_Holden,Republican Party (United States),1,0,NA,1918,0,greatest_generation
William_I._Cowin,Republican Party (United States),1,0,NA,1938,0,silent_generation
William_Milliken,Republican Party (United States),1,0,NA,1922,0,greatest_generation
William_Scranton,Republican Party (United States),1,1,Undefined Christian,1917,0,greatest_generation
William_Telek,Republican Party (United States),1,0,Undefined Christian,1924,0,greatest_generation
William_Weld,Republican Party (United States),1,0,NA,1945,0,silent_generation
Willis_Ricketts,Republican Party (United States),1,0,NA,1924,0,greatest_generation
Woody_Jenkins,Republican Party (United States),1,0,Undefined Christian,1947,0,baby_boomers
Zalmay_Khalilzad,Republican Party (United States),1,1,NA,1951,0,baby_boomers
Zbigniew_Brzezinski,Democratic Party (United States),1,3,NA,1928,0,silent_generation
